{"cameraMode":{"drawMode":0,"name":"Shaded","section":"Shading Mode"},"sceneLighting":false,"audioPlay":false,"sceneViewState":{"m_AlwaysRefresh":false,"showFog":true,"showSkybox":false,"showFlares":true,"showImageEffects":true,"showParticleSystems":true,"showVisualEffectGraphs":true,"m_FxEnabled":true},"in2DMode":false,"pivot":{"x":-4.76837158203125e-7,"y":0.9161232709884644,"z":0.14144760370254517},"rotation":{"x":0.08318757265806198,"y":0.27637213468551638,"z":0.024011678993701936,"w":-0.9571580290794373},"size":1.768707513809204,"orthographic":false}